Графічний планшет WACOM One13 Touch (DTH134W0B),34699,this will be true article
Графічний планшет WACOM One13 Touch (DTH134W0B),34699,this will be true article
Графічний планшет WACOM One12 (DTC121W0B),21499,this will be true article
Графічний планшет WACOM One12 (DTC121W0B),21499,this will be true article
Графічний планшет WACOM One S Bluetooth (CTC6110WLW1B),8199,this will be true article
Графічний планшет WACOM One S Bluetooth (CTC6110WLW1B),8199,this will be true article
Графічний планшет WACOM One S Bluetooth (CTC4110WLW1B),4999,this will be true article
Графічний планшет WACOM One S Bluetooth (CTC4110WLW1B),4999,this will be true article
Графічний планшет WACOM Intuos S Bluetooth Black (CTL-4100WLK-N),5869,this will be true article
Графічний планшет WACOM Intuos S Bluetooth Black (CTL-4100WLK-N),5869,this will be true article
Графічний планшет One by Wacom M (CTL-672-N),4299,this will be true article
Графічний планшет One by Wacom M (CTL-672-N),4299,this will be true article
Графічний планшет WACOM Intuos Pro M (PTH-660-N),18959,this will be true article
Графічний планшет WACOM Intuos Pro M (PTH-660-N),18959,this will be true article
Графічний планшет One by Wacom Small (CTL-472-N),2739,this will be true article
Графічний планшет One by Wacom Small (CTL-472-N),2739,this will be true article
Графічний планшет WACOM Intuos M Bluetooth Pistachio (CTL-6100WLE-N),7599,this will be true article
Графічний планшет WACOM Intuos M Bluetooth Pistachio (CTL-6100WLE-N),7599,this will be true article
Графічний планшет WACOM S Bluetooth Pistachio (CTL-4100WLE-N),4499,this will be true article
Графічний планшет WACOM S Bluetooth Pistachio (CTL-4100WLE-N),4499,this will be true article
Графічний планшет WACOM Intuos S Black (CTL-4100K-N),4669,this will be true article
Графічний планшет WACOM Intuos S Black (CTL-4100K-N),4669,this will be true article
,,this will be true article
,,this will be true article
,,this will be true article
name,price,article
Графічний планшет WACOM One13 Touch (DTH134W0B),34699,this will be true article
name,price,article
Графічний планшет WACOM One13 Touch (DTH134W0B),34699,this will be true article
name,price,article
Графічний планшет WACOM One12 (DTC121W0B),24799,this will be true article
name,price,article
Графічний планшет WACOM One12 (DTC121W0B),24799,this will be true article
name,price,article
Графічний планшет WACOM One S Bluetooth (CTC6110WLW1B),8199,this will be true article
name,price,article
Графічний планшет WACOM One S Bluetooth (CTC6110WLW1B),8199,this will be true article
name,price,article
Графічний планшет WACOM One S Bluetooth (CTC4110WLW1B),5469,this will be true article
name,price,article
Графічний планшет WACOM One S Bluetooth (CTC4110WLW1B),5469,this will be true article
name,price,article
Графічний планшет WACOM Intuos S Bluetooth Black (CTL-4100WLK-N),5869,this will be true article
name,price,article
Графічний планшет WACOM Intuos S Bluetooth Black (CTL-4100WLK-N),5869,this will be true article
name,price,article
Графічний планшет One by Wacom M (CTL-672-N),5299,this will be true article
name,price,article
Графічний планшет One by Wacom M (CTL-672-N),5299,this will be true article
name,price,article
Графічний планшет WACOM Intuos Pro M (PTH-660-N),18959,this will be true article
name,price,article
Графічний планшет WACOM Intuos Pro M (PTH-660-N),18959,this will be true article
name,price,article
Графічний планшет One by Wacom Small (CTL-472-N),2739,this will be true article
name,price,article
Графічний планшет One by Wacom Small (CTL-472-N),2739,this will be true article
name,price,article
Графічний планшет WACOM Intuos M Bluetooth Pistachio (CTL-6100WLE-N),7599,this will be true article
name,price,article
Графічний планшет WACOM Intuos M Bluetooth Pistachio (CTL-6100WLE-N),7599,this will be true article
name,price,article
Графічний планшет WACOM S Bluetooth Pistachio (CTL-4100WLE-N),5869,this will be true article
name,price,article
Графічний планшет WACOM S Bluetooth Pistachio (CTL-4100WLE-N),5869,this will be true article
name,price,article
Графічний планшет WACOM Intuos S Black (CTL-4100K-N),4669,this will be true article
name,price,article
Графічний планшет WACOM Intuos S Black (CTL-4100K-N),4669,this will be true article
name,price,article
,,this will be true article
name,price,article
,,this will be true article
name,price,article
,,this will be true article
name,price,article
Графічний планшет WACOM Intuos S Black (CTL-4100K-N),4669,this will be true article
name,price,article
Графічний планшет WACOM Intuos S Black (CTL-4100K-N),4669,this will be true article
name,price,article
,,this will be true article
